,objects
IMG_0753_jpeg.rf.1b520d88c1561ab33146a86214fe38c8.jpg,"['4', '4']"
i.rf.0fb2579fbc8fd9b6af9a2e2ce5ad0b56.jpg,['1']
IMG_0812_jpeg.rf.7669a6540f2a28904c70ff702d3f76a2.jpg,['6']
IMG_0813_jpeg.rf.dc952850e1eb78e512ae04fe473b9c79.jpg,"['1', '6']"
IMG_0796_jpeg.rf.8d145545aadb839edc15cc368c239086.jpg,"['5', '4']"
i.rf.fca4706eaa4eb81c70e38493aad05781.jpg,['1']
IMG_0793_jpeg.rf.307b5f11a286d5a0dbb2b3d0dc4dacd3.jpg,"['4', '2']"
i.rf.f3704095b11856ca4936fd24792e67b9.jpg,['1']
IMG_0781_jpeg.rf.7b8cb86f1160472515bab4c325a8cce2.jpg,['2']
i.rf.1d578e9beecee5152637461227bd0565.jpg,['5']
IMG_0703_jpeg.rf.91ac69fd3b1b3ff24e1d8988a76487d2.jpg,"['1', '4']"
IMG_0729_jpeg.rf.465030c0edb5fada9a446f5d51380be0.jpg,"['5', '2', '6']"
IMG_0670_jpeg.rf.1a09a646b16de4f73637e3df4f1f4d8d.jpg,"['6', '6']"
IMG_0748_jpeg.rf.90c2918b458e4b171a976bdd32b39c5a.jpg,"['6', '5', '5']"
IMG_0656_jpeg.rf.caf6987d2f44f93f18b821b08fc9dc4a.jpg,"['6', '1']"
IMG_0802_jpeg.rf.8cdfe57a47e1fe7bcc17aa52c228f068.jpg,['1']
IMG_0690_jpeg.rf.ceda4a3826e232e80da6128e50a95c92.jpg,"['6', '6']"
IMG_0797_jpeg.rf.1e8a1ea74f00956ee8b1811e21eb4c62.jpg,"['4', '6', '5']"
i.rf.0622d3087ec6a491e637a164f4b8c0ca.jpg,['3']
i.rf.ce5b5b5dfd0dcd0e8c90b97aa735a2cd.jpg,"['2', '6', '6', '2', '3', '3', '6', '2', '4', '6', '6', '1', '3', '6', '3', '5', '5', '3', '4', '4', '3', '3', '1', '3', '6', '2', '4', '4', '4', '1']"
IMG_0699_jpeg.rf.ac515e42138d34e28fa6946fdf08b7c7.jpg,"['2', '6']"
IMG_0706_jpeg.rf.0ec05ae9df090fce7bb95e41308bdd11.jpg,"['2', '6']"
IMG_0654_jpeg.rf.96626a2cc059193874751a0724c19c38.jpg,"['1', '6']"
i.rf.7a0729eb619216a7202385129a5e869c.jpg,['5']
IMG_0816_jpeg.rf.a4742128fb751dc019f151e4ddb033f2.jpg,"['1', '6']"
i.rf.8a10d55c5bb5333083450b177ba2732e.jpg,['2']
IMG_0847_jpeg.rf.2563d2cd5606d2e6a07ab4d7312e078f.jpg,"['3', '5']"
i.rf.c3992e1457d1a5e28453b35ca203e405.jpg,['4']
IMG_0655_jpeg.rf.3694b63bdf09b79b374b04e74f8b3b46.jpg,"['6', '1']"
IMG_0786_jpeg.rf.c4631653bbada18c293f40ed36b509ed.jpg,"['4', '2', '4']"
i.rf.7d1e7bf219c9158ac8045bd01f4a4cc2.jpg,['4']
IMG_0825_jpeg.rf.1ce20a6f716d0a7f159bafa7eddfbef1.jpg,"['6', '4']"
IMG_0770_jpeg.rf.cc053457bac23757d8f8c756dd8f6190.jpg,"['4', '5']"
IMG_0764_jpeg.rf.24207782133205ef1154a75e7d4c0cf4.jpg,"['3', '4', '2']"
i.rf.a9dcd36e019401c9ced23e3f78603a97.jpg,['4']
IMG_0743_jpeg.rf.c0940f133de7acbab81bc684e295e1ab.jpg,"['5', '6']"
